{"cameraMode":{"drawMode":0,"name":"Shaded","section":"Shading Mode"},"sceneLighting":false,"audioPlay":false,"sceneViewState":{"m_AlwaysRefresh":false,"showFog":true,"showSkybox":false,"showFlares":true,"showImageEffects":true,"showParticleSystems":true,"showVisualEffectGraphs":true,"m_FxEnabled":true},"in2DMode":false,"pivot":{"x":-45.38969802856445,"y":1.5560961961746216,"z":-49.95997619628906},"rotation":{"x":-0.19045360386371613,"y":-0.14606185257434846,"z":0.028664961457252504,"w":-0.9703527688980103},"size":1.4835500717163087,"orthographic":false}